TRUNCATE products, clients, transactions;
INSERT INTO products(product_id,product_name,product_price,product_quantity,product_on_sale,product_weight,product_description) VALUES (1,'Backpack_1','70520','31348','False','70','A sleek interface matches Final Cut Pro and makes it simple to navigate compression projects. Browse encoding settings in the left sidebar, and open the inspector to quickly configure advanced audio and video properties. Your batch appears in the center, directly below a large viewer that lets you view and navigate your file._1'), (2,'Duplo_2','64101','63091','False','731','A sleek interface matches Final Cut Pro and makes it simple to navigate compression projects. Browse encoding settings in the left sidebar, and open the inspector to quickly configure advanced audio and video properties. Your batch appears in the center, directly below a large viewer that lets you view and navigate your file._2'), (3,'Lego_3','87625','39751','False','985','Logic Pro puts a complete recording and MIDI production studio on your Mac, with everything you need to write, record, edit, and mix like never before. And with a huge collection of full-featured plug-ins along with thousands of sounds and loops, youll have everything you need to go from first inspiration to final master, no matter what kind of music you want to create._3'), (4,'Lego_4','40020','89335','False','823','A sleek interface matches Final Cut Pro and makes it simple to navigate compression projects. Browse encoding settings in the left sidebar, and open the inspector to quickly configure advanced audio and video properties. Your batch appears in the center, directly below a large viewer that lets you view and navigate your file._4'), (5,'Animals_5','47608','91140','True','560','A sleek interface matches Final Cut Pro and makes it simple to navigate compression projects. Browse encoding settings in the left sidebar, and open the inspector to quickly configure advanced audio and video properties. Your batch appears in the center, directly below a large viewer that lets you view and navigate your file._5'), (6,'Duplo_6','71284','31562','False','775','Logic Pro puts a complete recording and MIDI production studio on your Mac, with everything you need to write, record, edit, and mix like never before. And with a huge collection of full-featured plug-ins along with thousands of sounds and loops, youll have everything you need to go from first inspiration to final master, no matter what kind of music you want to create._6'), (7,'Animals_7','98129','24295','False','612','Logic Pro puts a complete recording and MIDI production studio on your Mac, with everything you need to write, record, edit, and mix like never before. And with a huge collection of full-featured plug-ins along with thousands of sounds and loops, youll have everything you need to go from first inspiration to final master, no matter what kind of music you want to create._7'), (8,'Animals_8','14392','32782','False','776','A sleek interface matches Final Cut Pro and makes it simple to navigate compression projects. Browse encoding settings in the left sidebar, and open the inspector to quickly configure advanced audio and video properties. Your batch appears in the center, directly below a large viewer that lets you view and navigate your file._8'), (9,'Avengers_9','70449','74973','False','359','Logic Pro puts a complete recording and MIDI production studio on your Mac, with everything you need to write, record, edit, and mix like never before. And with a huge collection of full-featured plug-ins along with thousands of sounds and loops, youll have everything you need to go from first inspiration to final master, no matter what kind of music you want to create._9'), (10,'Slide_10','52600','81732','True','435','A sleek interface matches Final Cut Pro and makes it simple to navigate compression projects. Browse encoding settings in the left sidebar, and open the inspector to quickly configure advanced audio and video properties. Your batch appears in the center, directly below a large viewer that lets you view and navigate your file._10');
INSERT INTO clients(client_id,client_first_name,client_last_name,client_email,client_address,client_phone_number) VALUES (1,'Lara','Deborah','lisagomez@wheeler-sanders.net','3788 John Vista Suite 537
South Carrie, IA 20268','059-729-6460'), (2,'Chase','Ann','donna30@hotmail.com','PSC 1894, Box 6686
APO AA 69331','774-357-6581x470'), (3,'Miller','Anthony','lesliehayden@gmail.com','94043 Scott Centers Apt. 179
Donnabury, DE 04180','673.981.4011'), (4,'Lamb','Katherine','millergerald@miller.com','35010 Carol Bridge Apt. 041
Darrellland, MN 88910','498.985.8542x926'), (5,'Bender','Madison','anthony97@gmail.com','96791 Davis Spurs
Youngland, LA 96847','000.117.7729x9608'), (6,'Moore','Shelly','william51@aguilar-cunningham.org','66144 Johnston Lock Apt. 807
Phillipborough, PW 09893','657-609-6496'), (7,'Mendez','Gerald','sullivanchristine@oliver.info','1746 Micheal Spring
Lake Margaretchester, MS 89268','+1-592-966-0602x52803'), (8,'Cross','John','ashley97@gmail.com','87010 Wilson Divide
East Lauraborough, MO 04024','412.473.2235'), (9,'Douglas','Tyler','cassandrakent@bennett.com','536 Huerta Station
Reyeshaven, GA 95429','690-037-2335'), (10,'Ayers','John','christopher27@brown-goodwin.com','93927 Madison Shores Suite 587
West Amber, KS 82788','822-507-2314x959');
INSERT INTO transactions(transaction_id,transaction_date,transaction_quantity,client_id,product_id) VALUES (1,'1977-05-18',21,10,'10'), (2,'1996-09-13',55,9,'9'), (3,'1978-03-02',13,6,'7'), (4,'1989-11-18',31,6,'10'), (5,'1999-01-26',90,4,'1'), (6,'2003-11-07',4,7,'9'), (7,'2013-02-03',60,8,'4'), (8,'2006-07-11',58,3,'5'), (9,'2014-02-06',26,5,'1'), (10,'1999-10-02',69,8,'7');INSERT INTO transactions(transaction_id,transaction_date,transaction_quantity,client_id,product_id) VALUES (11,'1983-06-16',5,2,'8'), (12,'1981-03-06',83,10,'6'), (13,'2000-08-01',51,2,'1'), (14,'1979-01-16',86,4,'1'), (15,'1970-11-22',21,8,'8'), (16,'1987-09-11',37,3,'8'), (17,'1984-09-10',32,7,'5'), (18,'2009-08-20',54,2,'8'), (19,'2014-10-10',60,10,'1'), (20,'1973-11-26',35,6,'8');INSERT INTO transactions(transaction_id,transaction_date,transaction_quantity,client_id,product_id) VALUES (21,'2004-07-25',79,8,'2'), (22,'2005-12-26',45,3,'6'), (23,'1994-09-25',25,9,'9'), (24,'1994-09-25',36,8,'1'), (25,'2013-04-22',67,2,'10'), (26,'1983-09-22',29,4,'2'), (27,'1971-07-08',37,8,'5'), (28,'2004-09-25',34,7,'3'), (29,'1990-04-03',99,6,'1'), (30,'1998-05-11',25,1,'10');INSERT INTO transactions(transaction_id,transaction_date,transaction_quantity,client_id,product_id) VALUES (31,'1993-02-08',2,5,'7'), (32,'1984-02-21',84,10,'2'), (33,'2017-12-26',84,6,'4'), (34,'2015-06-22',26,9,'6'), (35,'1996-01-14',49,5,'4'), (36,'2002-02-04',36,9,'1'), (37,'1980-06-21',12,5,'8'), (38,'2014-10-18',42,5,'7'), (39,'2013-03-14',53,5,'9'), (40,'2008-10-20',97,2,'8');INSERT INTO transactions(transaction_id,transaction_date,transaction_quantity,client_id,product_id) VALUES (41,'1984-06-10',69,8,'3'), (42,'2013-04-10',67,2,'4'), (43,'1992-04-21',60,9,'4'), (44,'1994-01-10',92,4,'4'), (45,'1973-11-28',67,8,'7'), (46,'1983-02-01',18,7,'1'), (47,'1982-07-07',78,2,'5'), (48,'1987-08-24',69,1,'9'), (49,'2002-09-26',54,5,'3'), (50,'1998-07-24',22,7,'10');INSERT INTO transactions(transaction_id,transaction_date,transaction_quantity,client_id,product_id) VALUES (51,'1971-06-01',87,1,'5'), (52,'1997-11-03',29,4,'6'), (53,'2021-08-19',70,2,'4'), (54,'2016-08-24',10,7,'3'), (55,'2022-07-07',100,2,'10'), (56,'2019-03-01',97,8,'4'), (57,'2001-12-25',99,1,'6'), (58,'1972-08-02',94,3,'7'), (59,'2012-03-19',100,7,'4'), (60,'2014-07-03',40,4,'4');INSERT INTO transactions(transaction_id,transaction_date,transaction_quantity,client_id,product_id) VALUES (61,'2014-04-21',69,9,'10'), (62,'2006-02-28',75,7,'7'), (63,'1985-01-02',81,4,'3'), (64,'2018-12-02',81,8,'9'), (65,'1980-10-13',74,5,'7'), (66,'1972-12-25',35,3,'7'), (67,'1981-12-15',100,9,'4'), (68,'1983-09-18',60,5,'10'), (69,'1983-04-11',73,1,'2'), (70,'2017-08-26',76,8,'4');INSERT INTO transactions(transaction_id,transaction_date,transaction_quantity,client_id,product_id) VALUES (71,'2014-08-26',92,10,'6'), (72,'1984-08-11',85,8,'10'), (73,'2011-08-09',76,4,'9'), (74,'1975-09-26',3,10,'9'), (75,'1990-07-30',64,5,'1'), (76,'1978-10-01',35,8,'1'), (77,'1982-01-07',75,10,'3'), (78,'2007-11-06',75,2,'5'), (79,'2002-08-28',40,4,'7'), (80,'1979-10-11',48,1,'3');INSERT INTO transactions(transaction_id,transaction_date,transaction_quantity,client_id,product_id) VALUES (81,'1991-03-31',35,3,'9'), (82,'2018-06-18',41,2,'8'), (83,'1985-03-12',44,7,'10'), (84,'2014-06-04',11,6,'9'), (85,'1998-04-20',47,5,'1'), (86,'2001-07-05',77,10,'2'), (87,'1986-06-25',30,5,'4'), (88,'2002-05-27',57,9,'10'), (89,'1975-02-06',37,4,'5'), (90,'1996-03-31',50,2,'5');INSERT INTO transactions(transaction_id,transaction_date,transaction_quantity,client_id,product_id) VALUES (91,'2003-11-15',73,4,'6'), (92,'1989-07-04',63,8,'5'), (93,'2012-10-11',66,2,'9'), (94,'1981-12-01',99,4,'5'), (95,'1997-05-29',16,1,'10'), (96,'1973-07-26',39,2,'7'), (97,'1984-05-05',76,1,'6'), (98,'1977-09-18',3,10,'8'), (99,'2022-01-19',45,9,'8'), (100,'2008-11-19',45,7,'4');