TRUNCATE products, clients, transactions;
INSERT INTO products(product_id,product_name,product_price,product_quantity,product_on_sale,product_weight) VALUES (1,'Animals_1','82842','83826','True','677'), (2,'Backpack_2','34931','67365','False','434');INSERT INTO products(product_id,product_name,product_price,product_quantity,product_on_sale,product_weight) VALUES (3,'Animals_3','54709','98819','False','830'), (4,'Barbie_4','89694','1570','True','240');INSERT INTO products(product_id,product_name,product_price,product_quantity,product_on_sale,product_weight) VALUES (5,'Toy Story_5','48327','89470','False','728'), (6,'Backpack_6','64255','26175','True','589');INSERT INTO products(product_id,product_name,product_price,product_quantity,product_on_sale,product_weight) VALUES (7,'Fence_7','30932','37402','False','239'), (8,'Avengers_8','7078','55978','False','170');
INSERT INTO clients(client_id,client_first_name,client_last_name,client_email,client_address,client_phone_number) VALUES (1,'Carter','Jonathan','tjohnson@moore.info','254 Amy Oval
Kyleborough, DE 02311','4872053388'), (2,'Watson','Jordan','karenpayne@yahoo.com','815 Thompson Groves Suite 802
Royborough, AL 16790','(339)979-5895');INSERT INTO clients(client_id,client_first_name,client_last_name,client_email,client_address,client_phone_number) VALUES (3,'Hunt','Heidi','rflores@hotmail.com','58665 Kim Meadows
North Chris, TX 51545','001-463-420-3749'), (4,'Hernandez','Karen','denise68@yahoo.com','3521 Martinez Mill Suite 522
New Stephaniemouth, MS 82054','+1-041-386-4514');INSERT INTO clients(client_id,client_first_name,client_last_name,client_email,client_address,client_phone_number) VALUES (5,'Miranda','Briana','williamsonaustin@hotmail.com','63885 Sean Loop
Chandlerland, VT 53429','(491)526-3271'), (6,'Austin','Julia','gmassey@hotmail.com','79553 Erika Stream Apt. 216
Franciscoville, NE 36488','2971475681');INSERT INTO clients(client_id,client_first_name,client_last_name,client_email,client_address,client_phone_number) VALUES (7,'Smith','Theresa','laurietravis@campbell.biz','19376 Justin Locks Suite 391
Harrisberg, NJ 84915','001-801-359-4099x8384'), (8,'Brown','Christopher','wagnerstephanie@gmail.com','6756 Lowe Creek
Clarkstad, AZ 40711','521-041-0636x26006');
INSERT INTO transactions(transaction_id,transaction_date,transaction_quantity,client_id,product_id) VALUES (1,'1981-10-18',97,7,'2'), (2,'2001-11-02',22,2,'4');INSERT INTO transactions(transaction_id,transaction_date,transaction_quantity,client_id,product_id) VALUES (3,'2000-08-14',66,6,'8'), (4,'1986-08-30',46,3,'8');INSERT INTO transactions(transaction_id,transaction_date,transaction_quantity,client_id,product_id) VALUES (5,'2018-08-03',51,1,'6'), (6,'1979-06-27',79,8,'1');INSERT INTO transactions(transaction_id,transaction_date,transaction_quantity,client_id,product_id) VALUES (7,'1990-03-18',28,2,'4'), (8,'2019-01-11',11,1,'8');INSERT INTO transactions(transaction_id,transaction_date,transaction_quantity,client_id,product_id) VALUES (9,'1985-04-15',73,3,'1'), (10,'2008-09-25',35,7,'1');INSERT INTO transactions(transaction_id,transaction_date,transaction_quantity,client_id,product_id) VALUES (11,'2008-09-24',41,8,'2'), (12,'2011-10-17',48,1,'8');INSERT INTO transactions(transaction_id,transaction_date,transaction_quantity,client_id,product_id) VALUES (13,'2008-02-22',35,5,'3'), (14,'2007-10-24',58,5,'6');INSERT INTO transactions(transaction_id,transaction_date,transaction_quantity,client_id,product_id) VALUES (15,'2011-10-25',24,8,'1'), (16,'1982-04-05',89,7,'4');INSERT INTO transactions(transaction_id,transaction_date,transaction_quantity,client_id,product_id) VALUES (17,'1975-08-05',100,1,'6'), (18,'1980-12-28',88,5,'4');INSERT INTO transactions(transaction_id,transaction_date,transaction_quantity,client_id,product_id) VALUES (19,'1979-05-22',18,8,'8'), (20,'1999-10-02',6,1,'5');INSERT INTO transactions(transaction_id,transaction_date,transaction_quantity,client_id,product_id) VALUES (21,'1994-07-15',91,1,'3'), (22,'1999-12-12',15,3,'1');INSERT INTO transactions(transaction_id,transaction_date,transaction_quantity,client_id,product_id) VALUES (23,'2017-12-16',89,4,'2'), (24,'1998-03-28',41,8,'1');INSERT INTO transactions(transaction_id,transaction_date,transaction_quantity,client_id,product_id) VALUES (25,'1996-10-12',13,3,'5'), (26,'2013-09-28',95,5,'6');INSERT INTO transactions(transaction_id,transaction_date,transaction_quantity,client_id,product_id) VALUES (27,'1978-04-19',45,4,'5'), (28,'2009-06-14',44,3,'7');INSERT INTO transactions(transaction_id,transaction_date,transaction_quantity,client_id,product_id) VALUES (29,'1973-11-23',99,6,'6'), (30,'1985-03-01',85,1,'7');INSERT INTO transactions(transaction_id,transaction_date,transaction_quantity,client_id,product_id) VALUES (31,'1986-01-20',78,7,'8'), (32,'1991-01-17',7,8,'6');INSERT INTO transactions(transaction_id,transaction_date,transaction_quantity,client_id,product_id) VALUES (33,'1979-06-14',47,4,'8'), (34,'1999-02-14',11,2,'3');INSERT INTO transactions(transaction_id,transaction_date,transaction_quantity,client_id,product_id) VALUES (35,'2008-06-26',16,1,'1'), (36,'1973-02-03',83,1,'4');INSERT INTO transactions(transaction_id,transaction_date,transaction_quantity,client_id,product_id) VALUES (37,'1972-01-06',79,5,'3'), (38,'2001-01-04',77,5,'1');INSERT INTO transactions(transaction_id,transaction_date,transaction_quantity,client_id,product_id) VALUES (39,'2007-07-08',27,7,'8'), (40,'2014-09-08',9,1,'4');INSERT INTO transactions(transaction_id,transaction_date,transaction_quantity,client_id,product_id) VALUES (41,'1999-12-19',46,2,'5'), (42,'1984-08-23',88,5,'8');INSERT INTO transactions(transaction_id,transaction_date,transaction_quantity,client_id,product_id) VALUES (43,'2017-07-14',58,3,'7'), (44,'2016-05-03',3,7,'1');INSERT INTO transactions(transaction_id,transaction_date,transaction_quantity,client_id,product_id) VALUES (45,'2007-09-27',6,8,'3'), (46,'1983-08-10',77,3,'1');INSERT INTO transactions(transaction_id,transaction_date,transaction_quantity,client_id,product_id) VALUES (47,'2011-11-18',2,2,'4'), (48,'1976-07-09',26,4,'2');INSERT INTO transactions(transaction_id,transaction_date,transaction_quantity,client_id,product_id) VALUES (49,'2022-11-30',9,5,'1'), (50,'1974-06-02',95,5,'3');INSERT INTO transactions(transaction_id,transaction_date,transaction_quantity,client_id,product_id) VALUES (51,'1998-01-10',43,7,'6'), (52,'2015-05-25',64,4,'5');INSERT INTO transactions(transaction_id,transaction_date,transaction_quantity,client_id,product_id) VALUES (53,'2017-07-12',33,1,'2'), (54,'2011-03-30',15,6,'5');INSERT INTO transactions(transaction_id,transaction_date,transaction_quantity,client_id,product_id) VALUES (55,'1996-01-20',28,4,'3'), (56,'1994-08-15',97,5,'8');INSERT INTO transactions(transaction_id,transaction_date,transaction_quantity,client_id,product_id) VALUES (57,'1971-06-29',54,7,'3'), (58,'1993-10-19',40,3,'3');INSERT INTO transactions(transaction_id,transaction_date,transaction_quantity,client_id,product_id) VALUES (59,'2003-05-18',40,4,'5'), (60,'1992-08-08',99,8,'3');INSERT INTO transactions(transaction_id,transaction_date,transaction_quantity,client_id,product_id) VALUES (61,'1985-05-12',48,4,'5'), (62,'1976-02-03',1,4,'1');INSERT INTO transactions(transaction_id,transaction_date,transaction_quantity,client_id,product_id) VALUES (63,'2003-11-29',90,6,'1'), (64,'1980-07-17',59,1,'6');INSERT INTO transactions(transaction_id,transaction_date,transaction_quantity,client_id,product_id) VALUES (65,'1989-08-17',37,2,'7'), (66,'1979-02-15',88,1,'8');INSERT INTO transactions(transaction_id,transaction_date,transaction_quantity,client_id,product_id) VALUES (67,'1987-01-14',89,6,'3'), (68,'1976-11-24',80,1,'4');INSERT INTO transactions(transaction_id,transaction_date,transaction_quantity,client_id,product_id) VALUES (69,'1972-11-21',100,5,'5'), (70,'2013-04-15',79,3,'6');INSERT INTO transactions(transaction_id,transaction_date,transaction_quantity,client_id,product_id) VALUES (71,'1998-01-16',45,7,'1'), (72,'1995-12-18',15,4,'2');INSERT INTO transactions(transaction_id,transaction_date,transaction_quantity,client_id,product_id) VALUES (73,'2010-11-29',6,7,'1'), (74,'1993-07-12',50,5,'2');INSERT INTO transactions(transaction_id,transaction_date,transaction_quantity,client_id,product_id) VALUES (75,'1992-10-13',63,4,'3'), (76,'2019-08-02',24,5,'2');INSERT INTO transactions(transaction_id,transaction_date,transaction_quantity,client_id,product_id) VALUES (77,'2019-08-20',56,2,'6'), (78,'2018-10-25',14,1,'6');INSERT INTO transactions(transaction_id,transaction_date,transaction_quantity,client_id,product_id) VALUES (79,'2016-07-04',26,3,'1'), (80,'1990-12-04',57,4,'2');