TRUNCATE category, products, clients, transactions, user_roles, roles, user_profiles,users cascade;
INSERT INTO user_profiles(id,bio,birthdate,gender,location,name) VALUES (1,'A user_1','1995-09-09','female','Morningside Heights','Timothy Wheeler');
INSERT INTO user_profiles(id,bio,birthdate,gender,location,name) VALUES (2,'beautifl user_2','1998-01-05','female','Palestine','Blake Allen');
INSERT INTO roles(id,name) VALUES (1,'ROLE_REGULAR');
INSERT INTO roles(id,name) VALUES (2,'ROLE_REGULAR');
INSERT INTO users(id,username,password,user_profile_id) VALUES (1,'fantasticUser_1','$2a$10$q25bTeLhYr.KoVOAQaWK9Oyq57bzguLvYTjcbxoz5a/ChW5PCUUqi',1);
INSERT INTO users(id,username,password,user_profile_id) VALUES (2,'fantasticUser_2','$2a$10$q25bTeLhYr.KoVOAQaWK9Oyq57bzguLvYTjcbxoz5a/ChW5PCUUqi',2);
INSERT INTO user_roles(user_id,role_id) VALUES (1,1);
INSERT INTO user_roles(user_id,role_id) VALUES (2,2);
INSERT INTO category(category_id,category_name,category_popularity,category_sales,category_returns_per_month,category_profitability,user_id) VALUES (1,'Toys_1','5','964','20','2585','2');
INSERT INTO products(product_id,product_name,product_price,product_quantity,product_on_sale,product_weight,product_description,categoryid,user_id) VALUES (1,'Lego_1','79515','45768','False','905','Logic Pro puts a complete recording and MIDI production studio on your Mac, with everything you need to write, record, edit, and mix like never before. And with a huge collection of full-featured plug-ins along with thousands of sounds and loops, youll have everything you need to go from first inspiration to final master, no matter what kind of music you want to create._1',1,'2');
INSERT INTO clients(client_id,client_last_name,client_first_name,client_email,client_address,client_phone_number,user_id) VALUES (1,'Franklin','Christine','jenniferjohnson@jensen-guerrero.com','423 Todd Rue Apt. 750
Elizabethport, MP 03874','958-189-4523x0493','1');
INSERT INTO transactions(transaction_id,transaction_date,transaction_quantity,client_id,product_id,user_id) VALUES (1,'1985-09-15',39,1,'1','1');INSERT INTO transactions(transaction_id,transaction_date,transaction_quantity,client_id,product_id,user_id) VALUES (2,'2002-05-16',72,1,'1','1');INSERT INTO transactions(transaction_id,transaction_date,transaction_quantity,client_id,product_id,user_id) VALUES (3,'1970-02-03',2,1,'1','1');INSERT INTO transactions(transaction_id,transaction_date,transaction_quantity,client_id,product_id,user_id) VALUES (4,'1983-10-20',84,1,'1','2');INSERT INTO transactions(transaction_id,transaction_date,transaction_quantity,client_id,product_id,user_id) VALUES (5,'1975-01-11',95,1,'1','1');INSERT INTO transactions(transaction_id,transaction_date,transaction_quantity,client_id,product_id,user_id) VALUES (6,'1985-03-21',22,1,'1','2');INSERT INTO transactions(transaction_id,transaction_date,transaction_quantity,client_id,product_id,user_id) VALUES (7,'2018-12-23',60,1,'1','1');INSERT INTO transactions(transaction_id,transaction_date,transaction_quantity,client_id,product_id,user_id) VALUES (8,'2015-02-19',100,1,'1','1');INSERT INTO transactions(transaction_id,transaction_date,transaction_quantity,client_id,product_id,user_id) VALUES (9,'1992-09-12',58,1,'1','2');INSERT INTO transactions(transaction_id,transaction_date,transaction_quantity,client_id,product_id,user_id) VALUES (10,'1978-06-27',42,1,'1','1');